0,CONTACTID *,*,*,unknown,contactfunctions_pand.aiml
0,MULTIPLEIDS *,*,*,false,contactfunctions_pand.aiml
0,ADDINFO DISPLAYNAME * DIALNUMBER * PHONETYPE * EMAILADDRESS * EMAILTYPE * BIRTHDAY *,*,*,<think>#Newline<set var="displayname"><star/></set>#Newline<set var="dialnumber"><star index="2"/></set>#Newline<set var="phonetype"><star index="3"/></set>#Newline<set var="emailaddress"><star index="4"/></set>#Newline<set var="emailtype"><star index="5"/></set>#Newline<set var="birthday"><star index="6"/></set>#Newline<set var="contactid"><srai>CONTACTID <get var="displayname"/></srai></set>#Newline<condition value="unknown" var="contactid"><set var="contactid"><srai>NEWCONTACTID</srai></set></condition>#Newline</think>#Newline#Newline<condition var="dialnumber">#Newline<li value="unknown">dialnumber is unknwon</li>#Newline<li>dialnumber=<get var="dialnumber"/></li>#Newline</condition>#Newline#Newline<learnf>#Newline  <category>#Newline    <pattern>CONTACTID <eval><get var="displayname"/></eval></pattern>#Newline    <template><eval><get var="contactid"/></eval></template>#Newline  </category>#Newline</learnf>#Newline#Newline<learnf>#Newline  <category>#Newline    <pattern>DISPLAYNAME <eval><get var="contactid"/></eval></pattern>#Newline    <template><eval><get var="displayname"/></eval></template>#Newline  </category>#Newline</learnf>#Newline#Newline<condition var="dialnumber">#Newline<li value="unknown"/>#Newline<li><learnf>#Newline  <category>#Newline    <pattern>DIALNUMBER <eval><get var="phonetype"/> <get var="contactid"/></eval></pattern>#Newline    <template><eval><get var="dialnumber"/></eval></template>#Newline  </category>#Newline</learnf></li>#Newline</condition>#Newline#Newline#Newline<condition var="emailaddress">#Newline<li value="unknown"/>#Newline<li><learnf>#Newline  <category>#Newline    <pattern>EMAILADDRESS <eval><get var="emailtype"/> <get var="contactid"/></eval></pattern>#Newline    <template><eval><get var="emailaddress"/></eval></template>#Newline  </category>#Newline</learnf>#Newline</li>#Newline</condition>#Newline<condition var="birthday">#Newline<li value="unknown"/>#Newline<li>#Newline<learnf>#Newline  <category>#Newline    <pattern>CONTACTBIRTHDAY <eval><get var="contactid"/></eval></pattern>#Newline    <template><eval><get var="birthday"/></eval></template>#Newline  </category>#Newline</learnf>#Newline</li>#Newline</condition>#NewlineSaved new contact.,contactfunctions_pand.aiml
0,DISPLAYNAME *,*,*,unknown,contactfunctions_pand.aiml
0,DIALNUMBER * *,*,*,unknown,contactfunctions_pand.aiml
0,DIALNUMBER *,*,*,unknown,contactfunctions_pand.aiml
0,CONTACTBIRTHDAY *,*,*,unknown,contactfunctions_pand.aiml
0,EMAILADDRESS * *,*,*,unknown,contactfunctions_pand.aiml
0,EMAILADDRESS *,*,*,unknown,contactfunctions_pand.aiml
