0,TEST HTML,*,*,<h1>A.L.I.C.E. 2.0</h1> <h2><em>Release</em> 0.9.1</h2>,update.aiml
0,TEST HTML 2,*,*,<h2><b>SPACE</b> <em>between</em> <b>Words</b></h2>#Newline<b>SPACE</b> <em>between</em> <b>Words</b><br/>#Newline<p>This is a paragraph.  Second sentence.  Third sentence.</p>#Newline<p>New paragraph. <em>Another sentence.</em>  And another</p>,update.aiml
0,BRAIN VERSION,*,*,A.L.I.C.E. 2.0 Release 0.9.2,update.aiml
0,TEST CRASH,*,*,<srai>TEST CRASH</srai>,update.aiml
0,PROGRAM VERSION,*,*,Program AB 0.0.6.20 beta -- AI Foundation Reference AIML 2.1 implementation,update.aiml
0,BRAIN BUILD,*,*,Tue May 13 12:43:52 EDT 2014,update.aiml
